run,traces_at_start,warm_converged,cold_converged,warm_best,cold_best,warm_att,cold_att,warm_tokens,cold_tokens,token_ratio,wall_s,graphrag_calls,mem_calls,containment
63,4,0,0,0,0,5,4,869603,1095816,1.260,533.6,55,0,ok
64,9,0,0,0,0,4,4,898722,913453,1.016,514.1,55,0,ok
65,13,0,0,0,0,4,4,960820,974529,1.014,536.8,55,0,ok
66,17,0,0,0,0,4,4,988325,929545,0.941,533.9,65,0,ok
67,21,0,0,0,0,4,4,968107,970808,1.003,537.8,55,0,ok
68,25,0,0,0,0,4,4,1023056,909275,0.889,532.4,45,0,ok
69,29,0,0,0,0,4,4,950747,921729,0.969,533.6,40,0,ok
70,33,0,0,0,0,4,4,942296,988781,1.049,540.3,65,0,ok
71,37,0,0,0,0,4,4,895177,963073,1.076,538.6,45,0,ok
72,41,0,0,0,0,4,4,1006439,902632,0.897,539.1,50,0,ok
73,45,0,0,0,0,4,4,984512,948478,0.963,543.2,45,0,ok
74,49,0,0,0,0,4,4,936518,1006593,1.075,541.0,40,0,ok
75,53,0,0,0,0,4,4,963735,890610,0.924,540.8,50,0,ok
76,57,0,0,0,0,4,4,968230,897590,0.927,535.6,55,0,ok
77,61,0,0,0,0,4,4,905546,988701,1.092,539.5,50,0,ok
78,65,0,0,0,0,4,4,951412,931198,0.979,541.5,50,0,ok
79,69,0,0,0,0,4,4,1025096,893825,0.872,536.0,50,0,ok
80,73,0,0,0,0,4,4,973660,988808,1.016,540.9,60,0,ok
81,77,0,0,0,0,4,4,947810,955702,1.008,541.5,45,0,ok
82,81,0,0,0,0,4,4,924317,966916,1.046,540.7,55,0,ok
83,85,0,0,0,0,4,4,947302,919157,0.970,537.5,65,0,ok
84,89,0,0,0,0,4,4,1201069,949976,0.791,539.7,45,0,ok
85,93,0,0,0,0,7,4,972282,1028436,1.058,538.6,45,0,ok
86,100,0,0,0,0,4,4,955537,953119,0.997,538.8,70,0,ok
87,104,0,0,0,0,4,4,927972,913432,0.984,541.8,45,0,ok
88,108,0,0,0,0,4,4,997200,882296,0.885,541.0,50,0,ok
89,112,0,0,0,0,4,4,950810,925838,0.974,541.4,60,0,ok
90,116,0,0,0,0,4,4,980564,943756,0.962,542.8,45,0,ok
91,120,0,0,0,0,4,4,979364,953137,0.973,535.6,50,0,ok
92,124,0,0,0,0,4,4,989829,989543,1.000,539.5,65,0,ok
93,128,0,0,0,0,4,4,909020,948825,1.044,533.3,65,0,ok
94,132,0,0,0,0,4,4,976022,891268,0.913,540.2,55,0,ok
95,136,0,0,0,0,4,4,1011357,911387,0.901,543.5,60,0,ok
96,140,0,0,0,0,4,4,948265,952922,1.005,543.1,55,0,ok
97,144,0,0,0,0,4,4,931417,932659,1.001,541.5,50,0,ok
98,148,0,0,0,0,4,4,1045110,910652,0.871,544.0,60,0,ok
99,152,0,0,0,0,4,4,935831,953317,1.019,541.7,50,0,ok
100,156,0,0,0,0,4,4,1007050,988796,0.982,541.7,45,0,ok
101,160,0,0,0,0,4,4,980923,953142,0.972,546.4,70,0,ok
102,164,0,0,0,0,4,4,960878,902979,0.940,539.6,50,0,ok
