run,arm,attempt,v1_remaining,parse_ok,parse_total,closeness,files,v1_shim_files
swarm-1789899324,cold,1,313,65,65,0.0382,97,
swarm-1789899324,warm,1,308,48,65,-0.7558,97,
swarm-1789903474,cold,1,364,64,65,-0.0445,97,
swarm-1789903474,warm,1,304,65,65,0.0099,97,
swarm-1789903474,cold,2,356,65,65,0.0165,97,
swarm-1789903474,warm,2,304,65,65,0.0084,97,
swarm-1789903474,cold,3,356,65,65,0.0165,97,
swarm-1789903474,warm,3,304,65,65,0.0084,97,
swarm-1789919913,cold,1,371,65,65,0.0047,97,
swarm-1789919913,warm,1,383,65,65,0.0,97,
swarm-1789919913,cold,2,360,64,65,-0.0465,97,
swarm-1789919913,warm,2,302,65,65,0.0577,97,
swarm-1789919913,cold,3,303,60,65,-0.1267,97,
swarm-1789919913,warm,3,294,65,65,0.0683,97,
swarm-1789945391,cold,1,305,64,65,0.031,97,
swarm-1789945391,warm,1,339,63,65,0.0185,97,
swarm-1789945391,cold,2,300,64,65,0.0495,97,
swarm-1789945391,warm,2,295,65,65,0.0401,97,
swarm-1789945391,cold,3,300,62,65,-1.9748,97,
swarm-1789945391,warm,3,295,65,65,0.0161,97,
swarm-1789946200,cold,1,366,65,65,0.0124,97,
swarm-1789946200,warm,1,383,65,65,0.0,97,
swarm-1789946200,cold,2,324,65,65,0.0297,97,
swarm-1789946200,warm,2,304,65,65,0.0507,97,
swarm-1789946200,cold,3,321,65,65,0.0385,97,
swarm-1789946200,warm,3,304,65,65,0.0507,97,
swarm-1789980175,cold,1,369,64,65,-0.049,97,
swarm-1789980175,warm,1,364,65,65,0.0092,97,
swarm-1789980175,cold,2,298,65,65,0.0165,97,
swarm-1789980175,warm,2,361,64,65,-0.4267,97,
swarm-1789981020,cold,1,305,64,65,-0.0496,97,
swarm-1789981020,warm,1,355,64,65,0.0103,97,
swarm-1789981020,cold,2,305,64,65,-0.0496,97,
swarm-1789981020,warm,2,300,64,65,0.0576,97,
swarm-1789981020,cold,3,294,65,65,0.0176,97,
swarm-1789981020,warm,3,298,64,65,0.0542,97,
swarm-1789981020,cold,4,294,65,65,0.0751,97,
swarm-1789981020,warm,4,298,64,65,0.0542,97,
swarm-1789981020,cold,5,266,65,65,0.0843,97,
swarm-1789981020,warm,5,298,64,65,0.0358,97,
swarm-1789983252,cold,1,383,65,65,0.0,97,
swarm-1789983252,warm,1,316,65,65,0.0622,97,
swarm-1789983252,cold,2,367,65,65,0.0092,97,
swarm-1789983252,warm,2,320,65,65,0.0528,97,
swarm-1789985126,cold,1,367,65,65,0.008,97,
swarm-1789985126,warm,1,309,65,65,0.0206,97,
swarm-1789985126,cold,2,367,65,65,0.0082,97,
swarm-1789985126,warm,2,305,65,65,0.0146,97,
swarm-1789985126,cold,3,367,65,65,0.0082,97,
swarm-1789985126,warm,3,297,65,65,0.415,97,
swarm-1789985126,cold,4,367,65,65,0.0082,97,
swarm-1789985126,warm,4,296,65,65,0.408,97,
swarm-1789985126,cold,5,367,65,65,0.0082,97,
swarm-1789986919,cold,1,383,65,65,0.0,97,
swarm-1789986919,warm,1,309,63,65,-0.4544,97,
swarm-1789986919,cold,2,372,65,65,0.0051,97,
swarm-1789987670,cold,1,303,52,65,-0.1076,97,
swarm-1789987670,warm,1,307,64,65,-0.4251,97,
swarm-1789987670,cold,2,296,52,65,-0.1011,97,
swarm-1789987670,warm,2,47,65,65,0.0995,97,
swarm-1789987670,cold,3,296,52,65,-0.1011,97,
swarm-1789987670,warm,3,47,65,65,0.0995,97,
swarm-1789987670,cold,4,224,52,65,-0.0947,97,
swarm-1789987670,warm,4,47,65,65,0.0995,97,
swarm-1789987670,cold,5,223,52,65,-0.0949,97,
swarm-1789987670,warm,5,47,65,65,0.0914,97,
swarm-1789987670,cold,6,223,52,65,-0.0949,97,
swarm-1789987670,warm,6,46,65,65,0.0914,97,
swarm-1789987670,cold,7,223,52,65,-0.0949,97,
swarm-1789987670,warm,7,46,65,65,0.0858,97,
swarm-1789987670,cold,8,223,52,65,-0.0949,97,
swarm-1789987670,warm,8,46,65,65,0.0743,97,
swarm-1789987670,cold,9,223,52,65,-0.0949,97,
swarm-1789987670,warm,9,46,65,65,0.0743,97,
swarm-1789987670,cold,10,223,52,65,-0.0949,97,
swarm-1789987670,warm,10,46,65,65,0.0743,97,
swarm-1789990796,cold,1,370,64,65,-0.0494,97,
swarm-1789990796,warm,1,311,57,65,0.012,97,
swarm-1789990796,cold,2,290,65,65,0.0705,97,
swarm-1789990796,warm,2,303,57,65,0.0154,97,
swarm-1789991465,cold,1,48,65,65,0.0418,97,
swarm-1789991465,warm,1,323,62,65,-0.5338,97,
swarm-1789991465,cold,2,1,65,65,0.0864,97,
swarm-1789991465,warm,2,259,62,65,-0.9095,97,
swarm-1789991465,cold,3,1,65,65,0.0864,97,
swarm-1789991465,warm,3,259,62,65,-0.9095,97,
swarm-1789991465,cold,4,1,65,65,0.0864,97,
swarm-1789991465,warm,4,303,63,65,-0.4764,97,
swarm-1789991465,cold,5,1,65,65,0.0864,97,
swarm-1789991465,warm,5,299,63,65,-0.4707,97,
swarm-1789991465,cold,6,0,63,65,-0.8782,97,
swarm-1789991465,warm,6,299,63,65,-0.4707,97,
swarm-1789991465,warm,7,299,63,65,-0.4707,97,
swarm-1789993007,cold,1,302,65,65,0.0534,97,
swarm-1789993007,warm,1,296,65,65,0.0158,97,
swarm-1789993007,cold,2,271,64,65,-0.4375,97,
swarm-1789993007,warm,2,0,65,65,0.051,97,
swarm-1789993007,warm,3,0,64,65,-0.6312,97,
swarm-1789994842,cold,1,340,64,65,-0.0421,97,
swarm-1789994842,warm,1,324,63,65,-0.4933,97,
swarm-1789994842,cold,2,335,65,65,-0.0019,97,
swarm-1789994842,warm,2,324,64,65,-0.0001,97,
swarm-1789994842,cold,3,335,65,65,-0.0019,97,
swarm-1789994842,warm,3,324,64,65,-0.0001,97,
swarm-1789994842,cold,4,335,65,65,-0.0019,97,
swarm-1789995920,cold,1,305,64,65,-0.0496,97,
swarm-1789995920,warm,1,310,51,65,-2.4629,97,
swarm-1789995920,cold,2,297,64,65,-0.0452,97,
swarm-1789995920,warm,2,310,51,65,-2.4629,97,
swarm-1789995920,cold,3,341,65,65,0.0057,97,
swarm-1789995920,warm,3,310,51,65,-2.4629,97,
swarm-1789995920,warm,4,383,65,65,0.0,98,
swarm-1789997362,cold,1,305,65,65,0.0676,97,
swarm-1789997362,warm,1,368,65,65,0.0096,97,
swarm-1789997362,cold,2,305,65,65,0.0676,97,
swarm-1789997362,warm,2,345,65,65,0.0233,97,
swarm-1789998106,cold,1,300,43,65,-1.5706,97,
swarm-1789998106,warm,1,309,60,65,-0.0176,97,
swarm-1789998106,cold,2,177,45,65,-1.485,97,
swarm-1789998106,warm,2,305,63,65,0.046,97,
swarm-1789998106,cold,3,265,45,65,-1.5082,97,
swarm-1789998106,warm,3,297,63,65,0.0545,97,
swarm-1789998106,cold,4,0,47,65,-1.4745,97,
swarm-1789998106,warm,4,282,63,65,0.053,97,
swarm-1789998106,cold,5,0,47,65,-1.4544,97,
swarm-1789998106,warm,5,341,63,65,0.0061,97,
swarm-1789998106,cold,6,0,47,65,-1.4609,97,
swarm-1789998106,warm,6,320,62,65,-0.4875,97,
swarm-1789998106,cold,7,41,47,65,-1.4704,97,
swarm-1789998106,warm,7,295,63,65,-0.0612,97,
swarm-1789998106,cold,8,16,47,65,-1.4713,97,
swarm-1789998106,warm,8,255,63,65,-0.0612,97,
swarm-1789998106,cold,9,365,65,65,-0.0006,97,
swarm-1789998106,warm,9,255,63,65,-0.0556,97,
